Gender,Age,family_history_with_overweight,FAVC,FCVC,NCP,CAEC,SMOKE,CH2O,SCC,FAF,TUE,CALC,MTRANS,NObeyesdad
female,21,yes,no,2,3,sometimes,no,2,no,0,1,no,public_transportation,normal_weight
female,21,yes,no,3,3,sometimes,yes,3,yes,3,0,sometimes,public_transportation,normal_weight
male,23,yes,no,2,3,sometimes,no,2,no,2,1,frequently,public_transportation,normal_weight
male,27,no,no,3,3,sometimes,no,2,no,2,0,frequently,walking,overweight_level_i
male,22,no,no,2,1,sometimes,no,2,no,0,0,sometimes,public_transportation,overweight_level_ii
male,29,no,yes,2,3,sometimes,no,2,no,0,0,sometimes,automobile,normal_weight
female,23,yes,yes,3,3,sometimes,no,2,no,1,0,sometimes,motorbike,normal_weight
male,22,no,no,2,3,sometimes,no,2,no,3,0,sometimes,public_transportation,normal_weight
male,24,yes,yes,3,3,sometimes,no,2,no,1,1,frequently,public_transportation,normal_weight
male,22,yes,yes,2,3,sometimes,no,2,no,1,1,no,public_transportation,normal_weight
male,26,yes,yes,3,3,frequently,no,3,no,2,2,sometimes,public_transportation,obesity_type_i
female,21,yes,yes,2,3,frequently,no,2,yes,2,1,sometimes,public_transportation,overweight_level_ii
male,22,no,no,3,3,sometimes,no,3,no,2,0,sometimes,public_transportation,normal_weight
male,41,no,yes,2,3,sometimes,no,2,no,2,1,frequently,automobile,obesity_type_i
male,23,yes,yes,3,1,sometimes,no,1,no,1,1,sometimes,public_transportation,normal_weight
female,22,yes,no,3,3,always,no,2,yes,2,1,sometimes,public_transportation,normal_weight
male,27,yes,yes,2,1,sometimes,no,1,no,1,0,sometimes,public_transportation,overweight_level_ii
female,29,no,yes,2,1,sometimes,no,2,no,0,0,no,automobile,obesity_type_i
female,30,yes,yes,3,4,frequently,yes,1,no,0,0,no,automobile,overweight_level_ii
female,23,yes,no,2,1,sometimes,no,2,no,0,0,sometimes,public_transportation,overweight_level_i
male,22,yes,no,2,3,sometimes,no,2,no,3,2,no,walking,overweight_level_ii
female,52,yes,yes,3,1,sometimes,yes,2,no,0,0,no,automobile,obesity_type_i
female,22,yes,yes,3,3,sometimes,no,2,no,1,0,sometimes,automobile,normal_weight
female,22,yes,yes,1,1,sometimes,no,2,no,0,2,sometimes,public_transportation,obesity_type_i
male,21,yes,yes,2,3,sometimes,no,2,no,0,1,sometimes,public_transportation,normal_weight
male,20,yes,no,2,4,frequently,yes,2,no,3,2,no,public_transportation,normal_weight
male,21,yes,yes,2,1,frequently,no,2,no,1,2,always,walking,normal_weight
female,23,no,yes,2,4,frequently,no,2,no,2,1,sometimes,automobile,normal_weight
male,19,yes,yes,3,3,sometimes,no,2,yes,3,1,sometimes,public_transportation,normal_weight
male,23,no,yes,2,3,sometimes,no,2,no,2,2,frequently,walking,normal_weight
male,29,no,yes,1,4,frequently,no,3,no,0,1,no,motorbike,overweight_level_i
female,31,yes,no,2,1,sometimes,no,1,no,1,0,sometimes,public_transportation,overweight_level_ii
female,24,no,no,2,3,sometimes,no,3,no,1,1,sometimes,walking,normal_weight
male,39,no,no,2,1,sometimes,no,2,no,0,0,sometimes,public_transportation,overweight_level_ii
male,22,no,yes,2,4,frequently,no,2,no,2,0,sometimes,public_transportation,normal_weight
female,21,yes,no,2,3,sometimes,no,2,no,2,2,sometimes,public_transportation,overweight_level_ii
female,22,no,yes,2,3,sometimes,no,1,yes,2,0,no,walking,normal_weight
female,21,no,yes,2,3,sometimes,no,1,no,1,0,sometimes,public_transportation,normal_weight
male,23,yes,yes,2,3,sometimes,no,2,no,1,1,sometimes,public_transportation,normal_weight
female,21,yes,yes,2,3,sometimes,no,3,no,3,0,sometimes,public_transportation,overweight_level_ii
female,21,yes,yes,2,3,sometimes,no,2,no,1,0,sometimes,public_transportation,overweight_level_i
male,23,no,no,2,4,frequently,no,2,no,0,0,no,walking,normal_weight
female,21,yes,yes,1,3,sometimes,no,1,no,0,0,no,public_transportation,normal_weight
male,21,yes,yes,2,3,sometimes,yes,2,no,1,1,frequently,public_transportation,normal_weight
male,21,no,no,1,3,no,no,2,no,2,0,no,public_transportation,normal_weight
female,21,yes,no,2,3,sometimes,no,1,no,0,1,no,public_transportation,overweight_level_ii
male,21,yes,yes,1,3,frequently,no,3,no,2,0,sometimes,public_transportation,normal_weight
male,21,yes,yes,1,3,frequently,no,3,no,2,0,sometimes,public_transportation,normal_weight
female,20,yes,no,3,3,sometimes,no,2,no,1,0,sometimes,walking,normal_weight
female,21,no,yes,2,3,sometimes,no,2,no,0,0,sometimes,public_transportation,normal_weight
female,21,yes,yes,3,3,sometimes,no,3,no,0,1,sometimes,walking,normal_weight
female,20,no,yes,2,3,sometimes,no,1,no,0,0,sometimes,automobile,normal_weight
female,23,no,yes,3,1,sometimes,no,2,no,2,2,no,public_transportation,normal_weight
female,23,yes,no,3,3,no,no,2,yes,2,1,no,public_transportation,normal_weight
female,22,no,no,3,4,always,no,3,no,2,0,no,public_transportation,normal_weight
male,23,no,no,2,4,frequently,no,2,no,0,0,sometimes,automobile,normal_weight
male,22,yes,yes,2,3,sometimes,no,1,no,0,1,sometimes,automobile,normal_weight
male,21,yes,no,2,3,sometimes,no,1,no,0,1,no,public_transportation,normal_weight
female,17,yes,yes,3,1,sometimes,no,2,no,1,1,no,walking,normal_weight
male,20,yes,yes,2,4,sometimes,no,3,no,2,2,no,public_transportation,insufficient_weight
female,21,yes,yes,2,3,sometimes,no,3,no,3,1,sometimes,public_transportation,normal_weight
male,20,no,yes,2,3,sometimes,no,2,no,3,1,sometimes,public_transportation,normal_weight
male,22,no,yes,2,1,no,no,2,no,0,0,sometimes,public_transportation,normal_weight
male,22,yes,yes,2,3,sometimes,no,2,no,0,2,sometimes,automobile,normal_weight
female,21,yes,yes,2,3,frequently,no,1,no,1,1,no,public_transportation,normal_weight
female,21,yes,yes,1,3,frequently,no,2,no,0,1,no,public_transportation,overweight_level_i
male,23,yes,yes,1,3,always,no,2,no,0,2,frequently,public_transportation,overweight_level_ii
male,23,yes,yes,2,3,always,no,2,no,0,1,frequently,automobile,obesity_type_i
male,30,yes,yes,1,3,no,yes,2,yes,0,0,frequently,automobile,obesity_type_ii
male,23,yes,no,2,3,no,no,3,no,0,1,sometimes,public_transportation,normal_weight
female,23,yes,yes,2,3,always,no,2,no,0,2,no,public_transportation,overweight_level_ii
female,22,yes,no,3,3,no,no,3,yes,2,1,sometimes,public_transportation,insufficient_weight
female,24,yes,no,2,3,sometimes,no,3,yes,1,0,no,public_transportation,normal_weight
male,19,yes,no,2,3,sometimes,no,3,no,2,1,sometimes,bike,normal_weight
male,24,yes,yes,2,3,frequently,no,3,no,0,1,frequently,public_transportation,overweight_level_ii
female,23,yes,no,3,3,sometimes,no,3,yes,2,0,no,public_transportation,insufficient_weight
female,24,yes,no,2,3,no,no,2,no,1,0,no,public_transportation,insufficient_weight
female,24,yes,yes,2,3,sometimes,no,3,no,0,0,no,public_transportation,overweight_level_ii
female,23,yes,yes,2,3,sometimes,no,3,no,0,1,no,public_transportation,obesity_type_i
male,23,yes,no,2,3,sometimes,no,2,no,0,0,sometimes,public_transportation,normal_weight
female,19,no,no,3,3,sometimes,no,2,yes,0,0,no,public_transportation,normal_weight
male,30,yes,yes,2,3,frequently,no,2,no,0,0,sometimes,public_transportation,overweight_level_ii
male,23,yes,yes,2,3,always,no,2,no,0,1,no,public_transportation,obesity_type_i
female,19,no,no,3,3,no,no,3,yes,2,0,no,walking,insufficient_weight
male,25,yes,yes,2,3,frequently,no,2,no,0,1,sometimes,public_transportation,overweight_level_ii
male,23,yes,no,2,3,sometimes,no,2,no,0,0,no,public_transportation,normal_weight
male,21,yes,yes,2,1,frequently,no,3,no,1,0,no,public_transportation,normal_weight
male,19,yes,yes,2,3,sometimes,no,2,no,0,0,no,public_transportation,overweight_level_i
female,22,yes,yes,2,3,frequently,no,2,yes,1,0,no,automobile,normal_weight
female,29,yes,yes,3,3,sometimes,no,1,no,2,1,frequently,automobile,overweight_level_ii
female,25,no,no,3,4,always,no,1,no,2,0,no,public_transportation,obesity_type_ii
female,20,yes,no,3,3,always,no,2,yes,0,1,frequently,public_transportation,normal_weight
male,55,yes,no,3,4,frequently,no,3,yes,3,0,frequently,walking,overweight_level_i
female,20,no,no,3,3,always,no,2,no,1,0,no,walking,normal_weight
female,24,no,yes,3,3,sometimes,no,2,no,2,0,no,public_transportation,normal_weight
male,26,yes,no,3,1,frequently,no,2,no,2,0,frequently,public_transportation,normal_weight
female,23,yes,no,2,3,sometimes,no,2,no,3,0,sometimes,public_transportation,normal_weight
female,21,no,no,3,1,frequently,no,1,no,0,0,sometimes,public_transportation,insufficient_weight
female,21,no,no,3,1,frequently,no,1,no,0,0,sometimes,public_transportation,insufficient_weight
male,23,no,no,2,3,sometimes,no,2,no,3,1,frequently,public_transportation,normal_weight
female,21,no,yes,3,1,sometimes,no,1,no,0,0,sometimes,public_transportation,normal_weight
male,22,yes,no,2,3,frequently,no,2,no,0,0,no,public_transportation,normal_weight
female,21,no,yes,2,4,frequently,no,2,yes,2,0,sometimes,automobile,normal_weight
female,22,yes,yes,3,4,frequently,no,2,no,1,0,sometimes,public_transportation,normal_weight
female,38,yes,yes,2,3,sometimes,no,2,no,0,0,sometimes,automobile,obesity_type_i
female,25,no,yes,2,1,sometimes,no,2,no,2,0,sometimes,public_transportation,normal_weight
female,25,no,yes,2,1,sometimes,no,2,no,2,0,sometimes,public_transportation,normal_weight
male,22,yes,yes,2,3,always,no,1,no,0,1,sometimes,automobile,overweight_level_i
male,22,yes,no,2,3,sometimes,no,3,no,3,2,no,walking,obesity_type_i
female,21,yes,yes,3,1,sometimes,no,3,no,2,1,no,public_transportation,obesity_type_i
male,21,yes,yes,3,3,sometimes,no,2,no,0,1,sometimes,public_transportation,normal_weight
female,22,yes,yes,2,1,sometimes,no,1,no,0,0,no,public_transportation,normal_weight
female,18,yes,yes,2,4,frequently,no,2,no,1,0,sometimes,public_transportation,normal_weight
female,22,yes,no,2,1,sometimes,no,2,no,3,0,no,walking,normal_weight
female,19,yes,yes,3,1,frequently,no,2,no,1,0,frequently,public_transportation,normal_weight
female,17,yes,yes,3,3,frequently,no,2,no,0,1,no,public_transportation,normal_weight
female,15,yes,yes,3,3,sometimes,no,1,no,3,2,no,walking,obesity_type_i
female,17,yes,no,2,3,frequently,no,2,no,1,1,no,public_transportation,overweight_level_ii
male,23,yes,yes,2,3,sometimes,no,2,no,1,1,sometimes,public_transportation,normal_weight
female,19,yes,no,3,3,frequently,yes,3,no,2,1,sometimes,automobile,overweight_level_ii
female,23,yes,yes,2,3,frequently,yes,2,no,0,2,no,walking,overweight_level_i
male,23,yes,yes,1,3,frequently,no,2,no,0,2,frequently,public_transportation,overweight_level_ii
male,21,yes,no,3,4,frequently,no,1,no,1,0,no,walking,insufficient_weight
male,24,yes,yes,3,1,sometimes,no,2,no,1,0,no,public_transportation,normal_weight
male,23,no,yes,3,3,sometimes,no,1,no,0,0,no,public_transportation,overweight_level_ii
male,18,yes,yes,2,3,always,no,2,no,0,0,frequently,public_transportation,overweight_level_i
male,19,no,yes,2,3,sometimes,no,2,no,1,0,sometimes,public_transportation,normal_weight
female,19,no,yes,3,1,sometimes,no,3,yes,1,0,sometimes,public_transportation,normal_weight
male,20,yes,yes,3,3,frequently,no,1,no,0,0,sometimes,public_transportation,normal_weight
male,27,no,yes,3,3,sometimes,no,3,no,1,1,frequently,public_transportation,overweight_level_ii
female,20,yes,yes,2,4,frequently,no,2,no,1,1,no,public_transportation,normal_weight
male,23,no,no,2,3,sometimes,no,1,no,1,0,no,public_transportation,normal_weight
female,19,yes,yes,3,3,frequently,yes,3,yes,1,2,frequently,public_transportation,normal_weight
female,61,no,yes,3,3,always,no,2,no,1,1,frequently,public_transportation,normal_weight
male,30,yes,yes,3,3,sometimes,no,1,no,2,0,sometimes,automobile,obesity_type_i
male,24,yes,yes,2,3,sometimes,no,2,no,1,0,sometimes,automobile,overweight_level_i
male,25,yes,yes,2,3,sometimes,no,2,no,1,1,sometimes,public_transportation,normal_weight
male,44,yes,no,2,3,sometimes,yes,3,no,0,0,no,motorbike,obesity_type_i
male,31,yes,no,3,3,always,no,3,yes,3,0,no,bike,normal_weight
male,25,no,yes,2,3,frequently,no,2,no,0,1,no,public_transportation,normal_weight
male,23,yes,yes,3,3,frequently,no,3,no,1,1,sometimes,public_transportation,insufficient_weight
male,25,no,yes,3,3,always,no,2,no,2,0,frequently,public_transportation,normal_weight
male,23,no,yes,2,3,frequently,yes,1,no,1,1,frequently,automobile,obesity_type_i
female,34,no,yes,3,1,sometimes,no,1,no,0,0,sometimes,automobile,overweight_level_i
male,22,yes,no,2,4,sometimes,no,3,yes,2,2,sometimes,public_transportation,overweight_level_i
male,21,no,yes,2,1,no,no,3,no,1,0,sometimes,public_transportation,overweight_level_i
female,24,no,no,3,3,frequently,no,2,no,2,2,frequently,public_transportation,normal_weight
female,36,yes,no,3,3,sometimes,no,1,no,0,0,sometimes,automobile,obesity_type_i
female,27,no,yes,3,3,always,no,2,no,0,0,sometimes,automobile,normal_weight
female,32,yes,yes,3,1,sometimes,no,2,no,2,0,sometimes,automobile,obesity_type_i
male,25,yes,yes,2,1,sometimes,no,2,no,2,1,sometimes,public_transportation,normal_weight
female,30,yes,yes,3,3,sometimes,no,2,no,2,0,sometimes,automobile,normal_weight
female,38,yes,yes,2,1,always,yes,2,no,0,0,sometimes,automobile,overweight_level_i
male,34,yes,no,2,3,sometimes,no,3,no,2,0,no,automobile,overweight_level_ii
male,22,yes,yes,2,3,sometimes,no,2,no,0,0,sometimes,public_transportation,obesity_type_i
female,31,yes,yes,3,1,frequently,no,2,no,1,1,sometimes,automobile,normal_weight
female,35,yes,no,3,3,frequently,no,1,no,0,1,no,automobile,normal_weight
male,21,yes,yes,2,3,frequently,no,2,no,2,1,sometimes,public_transportation,normal_weight
female,40,yes,no,3,3,sometimes,no,3,no,0,0,sometimes,automobile,overweight_level_i
male,27,yes,yes,2,1,sometimes,no,2,no,0,0,frequently,automobile,overweight_level_ii
male,20,yes,no,3,3,sometimes,yes,1,no,2,1,sometimes,public_transportation,normal_weight
male,55,no,yes,2,3,sometimes,no,2,no,1,0,no,automobile,overweight_level_ii
female,21,yes,yes,3,3,always,yes,2,no,2,0,sometimes,public_transportation,normal_weight
male,25,no,no,3,3,frequently,no,2,yes,3,0,no,public_transportation,normal_weight
male,35,yes,no,3,3,frequently,no,3,no,2,1,sometimes,automobile,overweight_level_ii
male,30,yes,no,2,3,sometimes,yes,1,no,1,0,sometimes,public_transportation,obesity_type_ii
female,29,yes,no,3,3,always,no,2,no,0,0,sometimes,automobile,normal_weight
male,20,yes,no,2,3,sometimes,no,2,no,1,2,no,walking,overweight_level_ii
female,22,yes,yes,2,1,sometimes,no,2,no,1,0,sometimes,public_transportation,overweight_level_i
female,45,yes,yes,2,3,frequently,no,1,no,0,0,no,automobile,overweight_level_ii
male,22,no,yes,2,1,sometimes,no,2,no,2,1,sometimes,public_transportation,overweight_level_ii
male,18,yes,yes,2,3,frequently,no,2,no,1,0,sometimes,public_transportation,normal_weight
female,23,no,no,3,1,sometimes,no,2,no,1,2,sometimes,public_transportation,normal_weight
male,18,no,no,3,3,sometimes,no,2,yes,0,1,no,public_transportation,normal_weight
male,21,no,yes,2,1,no,no,3,no,1,0,sometimes,public_transportation,overweight_level_i
female,38,yes,yes,2,3,sometimes,no,2,no,2,0,no,public_transportation,normal_weight
female,18,yes,yes,3,1,always,no,1,no,1,0,no,public_transportation,normal_weight
male,22,yes,yes,3,3,frequently,no,2,yes,3,0,sometimes,public_transportation,normal_weight
male,26,yes,yes,3,3,frequently,yes,2,no,2,2,frequently,public_transportation,normal_weight
male,21,no,yes,2,1,no,no,3,no,1,0,sometimes,public_transportation,overweight_level_i
female,18,no,yes,2,3,sometimes,no,2,no,1,0,no,public_transportation,normal_weight
female,23,yes,yes,2,3,frequently,no,1,no,0,0,sometimes,public_transportation,normal_weight
female,22,no,yes,3,3,frequently,no,2,no,0,1,no,public_transportation,insufficient_weight
female,23,yes,yes,2,1,sometimes,yes,1,no,0,0,sometimes,public_transportation,overweight_level_ii
male,21,no,yes,2,1,no,no,3,no,1,0,sometimes,public_transportation,overweight_level_i
female,31,no,no,3,3,sometimes,no,2,no,1,0,sometimes,automobile,overweight_level_i
male,39,yes,no,2,3,sometimes,no,3,no,1,0,frequently,automobile,obesity_type_i
male,25,yes,no,2,3,sometimes,no,3,no,3,2,no,public_transportation,obesity_type_i
male,35,yes,yes,3,1,no,no,3,no,3,1,frequently,automobile,obesity_type_i
female,33,yes,yes,2,3,sometimes,no,2,no,1,1,no,public_transportation,normal_weight
male,20,no,yes,2,3,sometimes,no,2,no,1,0,sometimes,public_transportation,normal_weight
male,26,yes,yes,3,1,frequently,yes,2,yes,2,0,sometimes,public_transportation,overweight_level_i
male,20,yes,no,3,3,sometimes,no,3,yes,3,0,sometimes,automobile,overweight_level_i
male,20,no,no,2,1,frequently,no,3,yes,2,1,no,public_transportation,normal_weight
female,23,yes,yes,3,3,frequently,no,3,no,3,0,no,public_transportation,obesity_type_i
male,19,yes,yes,3,3,sometimes,no,2,no,1,1,sometimes,walking,overweight_level_i
male,22,yes,no,2,3,sometimes,no,2,no,1,2,sometimes,bike,normal_weight
male,41,yes,yes,2,3,sometimes,no,2,no,0,0,sometimes,bike,obesity_type_ii
female,18,yes,yes,2,1,frequently,no,1,no,0,2,no,public_transportation,insufficient_weight
female,23,yes,yes,2,1,sometimes,no,1,no,1,1,sometimes,public_transportation,normal_weight
female,23,yes,no,3,1,sometimes,yes,3,no,1,2,sometimes,public_transportation,obesity_type_i
female,41,yes,yes,2,3,always,no,1,no,0,0,sometimes,automobile,obesity_type_i
female,26,yes,yes,3,3,sometimes,yes,1,no,0,1,sometimes,public_transportation,obesity_type_iii
male,29,yes,no,2,3,sometimes,no,3,no,1,0,sometimes,automobile,obesity_type_i
male,27,yes,yes,2,3,sometimes,no,2,no,3,2,no,automobile,normal_weight
female,23,yes,yes,2,1,sometimes,yes,2,no,1,0,frequently,public_transportation,obesity_type_i
male,19,yes,yes,2,3,frequently,no,2,no,2,0,no,public_transportation,obesity_type_i
male,30,yes,no,2,3,no,no,2,yes,1,0,sometimes,walking,normal_weight
female,22,yes,yes,2,3,sometimes,no,2,no,1,1,sometimes,public_transportation,normal_weight
female,22,yes,yes,2,3,sometimes,no,2,no,1,1,sometimes,public_transportation,normal_weight
male,20,yes,yes,2,3,frequently,no,2,no,0,1,no,public_transportation,obesity_type_ii
female,21,no,yes,2,1,sometimes,no,1,no,1,1,no,public_transportation,normal_weight
female,24,yes,no,2,1,sometimes,no,2,no,0,0,no,public_transportation,overweight_level_ii
male,21,yes,yes,3,3,sometimes,no,2,no,1,0,no,public_transportation,normal_weight
male,21,yes,yes,2,3,sometimes,no,2,no,1,0,sometimes,public_transportation,normal_weight
male,21,yes,yes,3,3,sometimes,no,3,no,0,2,sometimes,public_transportation,normal_weight
female,23,yes,no,3,3,frequently,no,2,no,3,0,sometimes,walking,normal_weight
male,21,no,no,2,3,frequently,no,3,yes,3,1,frequently,automobile,overweight_level_i
female,21,yes,no,1,1,sometimes,no,2,no,3,0,no,public_transportation,normal_weight
female,21,yes,yes,2,3,sometimes,no,3,no,1,0,sometimes,public_transportation,overweight_level_i
female,21,yes,no,2,3,frequently,no,2,yes,0,2,frequently,public_transportation,overweight_level_i
male,23,yes,yes,2,1,sometimes,no,1,no,1,1,sometimes,public_transportation,overweight_level_ii
female,21,yes,yes,3,4,always,no,3,no,0,2,no,public_transportation,normal_weight
female,22,yes,yes,3,3,frequently,no,3,no,1,0,no,public_transportation,normal_weight
female,23,yes,yes,2,1,sometimes,no,2,no,0,0,no,public_transportation,obesity_type_i
male,25,yes,no,3,3,sometimes,no,3,no,2,0,sometimes,walking,obesity_type_ii
female,20,no,yes,2,3,sometimes,no,1,no,0,1,no,automobile,normal_weight
female,24,no,yes,3,3,sometimes,no,2,no,1,1,sometimes,public_transportation,normal_weight
female,40,no,no,3,3,sometimes,no,3,no,0,0,no,automobile,overweight_level_ii
male,32,yes,no,3,3,sometimes,no,3,no,0,2,no,automobile,obesity_type_ii
male,20,yes,yes,3,4,sometimes,no,3,no,2,0,sometimes,walking,overweight_level_i
female,21,yes,yes,3,1,sometimes,yes,3,no,0,0,sometimes,public_transportation,normal_weight
female,51,yes,no,3,3,sometimes,yes,3,yes,2,0,no,public_transportation,normal_weight
female,34,yes,no,3,1,sometimes,no,2,no,1,0,sometimes,automobile,overweight_level_ii
female,19,yes,yes,2,1,no,no,2,no,2,0,no,public_transportation,normal_weight
female,19,yes,no,2,1,no,no,2,no,2,0,no,public_transportation,normal_weight
female,21,no,yes,1,3,always,no,2,yes,3,0,no,automobile,normal_weight
female,19,yes,yes,3,3,sometimes,no,1,no,1,1,no,public_transportation,normal_weight
female,20,no,yes,3,1,sometimes,no,3,no,1,1,no,public_transportation,normal_weight
female,19,yes,yes,3,3,no,no,3,yes,3,1,no,public_transportation,normal_weight
female,17,no,yes,2,1,sometimes,no,3,no,1,1,no,public_transportation,normal_weight
male,22,no,yes,3,3,sometimes,no,2,no,3,0,no,bike,overweight_level_i
female,20,yes,yes,1,3,always,no,2,no,0,2,no,automobile,normal_weight
male,33,yes,yes,2,3,sometimes,yes,3,no,1,0,sometimes,automobile,overweight_level_ii
female,21,yes,no,2,1,sometimes,no,2,yes,2,0,sometimes,public_transportation,normal_weight
female,20,no,no,3,3,sometimes,yes,2,no,2,1,sometimes,automobile,insufficient_weight
female,20,no,yes,3,3,sometimes,no,3,no,0,1,sometimes,public_transportation,normal_weight
female,20,no,yes,3,3,frequently,no,1,no,3,1,no,automobile,normal_weight
male,21,yes,yes,3,3,always,no,3,yes,3,0,sometimes,automobile,normal_weight
male,21,yes,yes,3,1,sometimes,no,2,no,3,0,sometimes,walking,overweight_level_i
female,20,yes,yes,3,1,sometimes,no,2,no,1,1,no,public_transportation,overweight_level_ii
male,20,yes,no,2,1,sometimes,no,3,no,0,0,frequently,automobile,overweight_level_ii
male,56,yes,no,2,3,sometimes,yes,2,no,1,0,frequently,automobile,overweight_level_ii
female,26,yes,yes,2,1,sometimes,no,2,no,0,2,sometimes,public_transportation,normal_weight
female,22,yes,no,3,3,sometimes,no,2,no,0,0,no,public_transportation,normal_weight
male,19,yes,no,1,3,sometimes,no,2,no,3,0,no,bike,overweight_level_i
male,18,yes,no,2,3,sometimes,no,3,no,1,0,sometimes,public_transportation,overweight_level_ii
male,19,no,no,2,3,sometimes,no,3,yes,1,2,no,public_transportation,obesity_type_i
male,18,no,no,3,1,sometimes,no,1,no,1,0,no,public_transportation,overweight_level_ii
female,18,yes,yes,1,3,frequently,no,1,no,0,1,sometimes,public_transportation,obesity_type_i
male,21,no,yes,2,3,sometimes,no,1,no,1,0,no,public_transportation,overweight_level_i
female,28,yes,no,2,3,frequently,no,2,yes,2,0,sometimes,walking,overweight_level_i
male,18,no,yes,2,3,sometimes,no,2,no,1,1,sometimes,public_transportation,normal_weight
male,23,no,yes,2,3,frequently,no,1,no,3,2,no,public_transportation,insufficient_weight
male,18,yes,yes,3,3,frequently,no,3,yes,1,1,sometimes,automobile,normal_weight
male,18,no,yes,1,3,frequently,no,1,no,2,1,sometimes,public_transportation,insufficient_weight
female,39,no,yes,3,4,frequently,no,2,no,0,0,sometimes,public_transportation,insufficient_weight
male,38,no,yes,3,3,frequently,no,2,no,0,0,frequently,automobile,overweight_level_ii
male,17,no,no,2,4,always,no,2,no,0,2,no,public_transportation,normal_weight
male,23,yes,yes,2,3,sometimes,no,2,no,0,1,sometimes,walking,normal_weight
male,23,no,yes,2,3,sometimes,no,3,no,0,1,sometimes,public_transportation,obesity_type_i
female,19,no,yes,2,3,frequently,no,1,no,0,2,sometimes,public_transportation,normal_weight
male,18,no,yes,2,3,sometimes,no,2,no,2,1,no,public_transportation,normal_weight
male,25,yes,yes,2,3,frequently,no,2,no,0,0,sometimes,motorbike,normal_weight
female,25,no,no,2,3,sometimes,no,1,no,2,1,sometimes,public_transportation,normal_weight
female,18,yes,yes,3,3,frequently,no,2,no,0,1,sometimes,public_transportation,normal_weight
male,16,yes,yes,2,1,frequently,no,3,no,1,0,no,public_transportation,insufficient_weight
male,21,no,yes,2,4,always,yes,3,no,3,2,sometimes,walking,normal_weight
female,32,yes,yes,3,3,sometimes,no,2,no,0,0,sometimes,automobile,normal_weight
male,18,no,no,3,3,sometimes,no,2,no,1,1,sometimes,public_transportation,insufficient_weight
male,21,no,yes,3,4,frequently,yes,2,no,0,0,sometimes,public_transportation,normal_weight
male,18,yes,yes,2,3,frequently,no,2,no,0,0,sometimes,public_transportation,normal_weight
female,18,yes,yes,2,3,frequently,no,1,no,1,1,no,public_transportation,normal_weight
male,17,no,no,2,3,sometimes,no,3,no,2,1,sometimes,walking,normal_weight
male,20,yes,yes,1,1,sometimes,no,2,no,1,1,sometimes,public_transportation,normal_weight
male,21,yes,yes,2,3,always,no,1,no,0,0,sometimes,public_transportation,obesity_type_i
female,21,no,yes,2,3,sometimes,no,1,no,1,1,sometimes,public_transportation,normal_weight
female,18,yes,yes,2,3,sometimes,no,3,no,3,0,no,public_transportation,normal_weight
female,17,no,yes,3,3,sometimes,no,1,no,0,2,no,public_transportation,normal_weight
male,19,no,no,2,3,sometimes,no,3,no,3,0,sometimes,automobile,normal_weight
male,16,yes,yes,2,3,frequently,no,2,no,2,1,sometimes,public_transportation,normal_weight
male,17,no,yes,2,3,frequently,no,2,no,2,1,no,walking,insufficient_weight
male,21,yes,yes,2,3,frequently,no,1,no,1,1,no,public_transportation,normal_weight
male,19,yes,no,2,3,frequently,no,2,no,1,0,no,public_transportation,normal_weight
male,18,yes,yes,2,1,sometimes,yes,2,no,1,2,sometimes,public_transportation,obesity_type_i
female,16,no,no,2,1,sometimes,no,1,no,0,1,no,walking,normal_weight
female,21,no,yes,3,3,sometimes,no,2,no,2,1,sometimes,public_transportation,normal_weight
male,26,no,no,2,3,sometimes,no,2,no,2,0,no,automobile,overweight_level_i
male,18,yes,yes,2,3,frequently,no,1,no,0,1,frequently,public_transportation,normal_weight
male,23,no,yes,3,3,sometimes,no,3,no,1,2,sometimes,public_transportation,overweight_level_i
male,26,no,yes,2,3,sometimes,yes,1,no,0,0,sometimes,public_transportation,normal_weight
male,18,no,yes,2,4,sometimes,no,2,no,2,1,sometimes,public_transportation,normal_weight
male,16,yes,yes,3,3,always,no,3,no,3,2,sometimes,walking,insufficient_weight
female,16,no,yes,2,4,always,no,2,no,0,1,sometimes,public_transportation,normal_weight
male,20,yes,no,2,3,sometimes,no,3,no,2,1,sometimes,public_transportation,overweight_level_i
male,23,yes,yes,2,3,sometimes,yes,2,no,2,1,sometimes,public_transportation,obesity_type_ii
female,24,yes,yes,1,3,always,no,2,no,0,2,sometimes,public_transportation,normal_weight
female,23,yes,yes,2,1,frequently,no,1,no,0,2,sometimes,public_transportation,normal_weight
male,20,no,yes,3,4,always,no,3,no,2,0,sometimes,public_transportation,normal_weight
female,16,no,no,2,1,sometimes,no,1,no,0,1,no,walking,normal_weight
male,17,yes,yes,2,4,frequently,no,2,no,2,1,no,public_transportation,insufficient_weight
male,17,no,yes,2,3,always,no,2,no,3,1,no,public_transportation,normal_weight
female,16,no,yes,3,3,sometimes,no,1,no,3,0,no,public_transportation,normal_weight
male,17,yes,yes,1,3,always,no,2,no,1,1,sometimes,public_transportation,normal_weight
female,26,no,yes,3,3,sometimes,no,1,no,1,0,no,walking,normal_weight
male,26,no,yes,2,3,always,no,2,no,0,0,sometimes,public_transportation,normal_weight
male,38,yes,no,3,3,frequently,no,1,no,2,1,no,automobile,normal_weight
male,18,no,yes,3,4,sometimes,no,2,no,1,1,no,public_transportation,normal_weight
female,25,no,yes,2,3,sometimes,no,1,no,0,0,sometimes,public_transportation,normal_weight
female,27,no,yes,2,3,sometimes,no,1,no,0,1,sometimes,automobile,overweight_level_i
male,21,yes,yes,3,1,always,no,2,no,1,1,no,public_transportation,normal_weight
male,38,yes,no,3,3,frequently,no,1,no,3,1,no,automobile,normal_weight
female,23,no,no,3,3,frequently,no,2,no,2,0,sometimes,public_transportation,insufficient_weight
male,18,yes,yes,2,3,sometimes,no,2,no,3,0,sometimes,automobile,normal_weight
female,30,yes,yes,2,3,sometimes,no,1,no,0,0,sometimes,public_transportation,overweight_level_i
female,21,no,yes,2,1,sometimes,no,1,no,1,0,sometimes,public_transportation,normal_weight
male,18,yes,yes,3,3,sometimes,no,2,no,3,0,sometimes,public_transportation,normal_weight
male,23,yes,no,3,4,frequently,no,1,no,0,0,sometimes,public_transportation,overweight_level_i
male,19,yes,no,3,1,sometimes,no,3,no,3,1,sometimes,walking,normal_weight
female,19,yes,yes,3,3,sometimes,no,1,no,0,1,sometimes,public_transportation,obesity_type_i
female,17,no,yes,3,4,frequently,no,1,no,2,1,sometimes,public_transportation,insufficient_weight
male,17,yes,yes,2,3,sometimes,no,2,no,2,1,no,public_transportation,normal_weight
male,27,yes,yes,2,1,sometimes,no,2,no,1,0,no,walking,normal_weight
female,23,no,no,3,4,always,no,3,yes,3,0,no,automobile,normal_weight
female,18,no,yes,2,3,frequently,no,2,yes,1,2,frequently,public_transportation,overweight_level_i
male,19,no,yes,1,4,frequently,no,1,no,2,1,sometimes,public_transportation,insufficient_weight
male,20,no,yes,2,3,sometimes,no,2,no,0,1,no,public_transportation,normal_weight
male,18,yes,yes,3,3,frequently,no,2,no,3,2,no,walking,normal_weight
female,17,no,yes,3,1,sometimes,no,2,yes,1,2,sometimes,public_transportation,overweight_level_i
female,19,no,no,2,3,sometimes,no,1,yes,2,0,frequently,public_transportation,insufficient_weight
male,21,no,yes,3,3,sometimes,no,2,no,1,1,no,public_transportation,normal_weight
male,20,no,no,2,3,sometimes,no,1,no,0,0,sometimes,public_transportation,normal_weight
male,23,yes,yes,3,3,sometimes,no,2,no,1,0,sometimes,public_transportation,obesity_type_i
male,23,no,no,3,3,sometimes,no,2,no,3,0,no,public_transportation,normal_weight
male,18,yes,yes,3,3,frequently,no,2,no,2,1,sometimes,public_transportation,obesity_type_iii
male,17,no,yes,3,3,always,no,2,no,3,1,sometimes,public_transportation,normal_weight
female,21,yes,no,3,3,always,no,1,no,2,0,no,public_transportation,normal_weight
male,17,yes,yes,2,3,sometimes,no,3,no,1,1,sometimes,walking,overweight_level_ii
male,18,yes,yes,2,3,sometimes,no,2,no,3,2,no,walking,normal_weight
male,20,yes,yes,2,3,always,no,3,no,1,1,sometimes,public_transportation,obesity_type_i
male,17,yes,no,2,3,sometimes,no,1,no,3,2,sometimes,walking,normal_weight
female,26,no,no,3,4,always,no,2,no,2,0,no,walking,normal_weight
female,17,no,yes,1,3,sometimes,no,1,no,2,2,sometimes,walking,normal_weight
female,24,yes,yes,1,3,sometimes,no,2,no,0,1,sometimes,automobile,normal_weight
female,17,no,yes,2,3,sometimes,no,2,no,1,2,no,public_transportation,normal_weight
female,27,no,yes,3,1,sometimes,no,1,no,1,0,sometimes,public_transportation,overweight_level_i
male,17,no,no,3,3,sometimes,no,2,no,3,1,no,walking,insufficient_weight
female,17,yes,yes,1,3,sometimes,no,1,no,1,1,no,automobile,normal_weight
male,41,yes,no,2,1,sometimes,no,1,no,1,0,frequently,automobile,obesity_type_ii
female,33,yes,no,2,3,sometimes,no,2,no,1,0,sometimes,public_transportation,normal_weight
male,20,no,yes,2,3,frequently,no,1,no,1,1,sometimes,public_transportation,normal_weight
female,40,yes,yes,2,1,sometimes,no,2,no,2,0,no,public_transportation,obesity_type_i
female,37,yes,no,3,3,sometimes,no,2,no,1,0,sometimes,automobile,overweight_level_i
male,19,no,yes,2,1,sometimes,no,2,no,2,1,sometimes,public_transportation,normal_weight
male,24,yes,yes,2,1,always,no,2,no,2,1,sometimes,public_transportation,overweight_level_i
male,24,no,yes,3,3,sometimes,no,2,no,0,0,sometimes,motorbike,normal_weight
male,33,yes,yes,2,1,sometimes,no,2,no,3,0,sometimes,automobile,overweight_level_ii
female,40,no,yes,2,3,frequently,no,2,no,3,1,sometimes,public_transportation,overweight_level_i
female,37,yes,yes,2,1,sometimes,no,2,no,0,0,no,automobile,overweight_level_ii
male,20,no,no,3,3,frequently,no,2,no,3,1,sometimes,public_transportation,overweight_level_ii
male,19,no,yes,2,3,sometimes,no,1,no,1,1,no,public_transportation,normal_weight
male,17,yes,yes,3,1,always,no,2,yes,1,2,sometimes,public_transportation,overweight_level_i
female,18,no,yes,3,3,sometimes,no,1,no,0,2,no,automobile,normal_weight
female,21,no,yes,2,1,sometimes,no,2,no,0,2,sometimes,public_transportation,normal_weight
male,18,yes,yes,2,4,frequently,no,2,no,2,1,sometimes,automobile,normal_weight
male,41,yes,yes,2,1,frequently,no,3,no,1,0,sometimes,automobile,overweight_level_ii
female,36,yes,no,3,3,sometimes,no,1,no,2,0,sometimes,automobile,normal_weight
male,18,no,no,2,4,frequently,no,2,no,1,1,sometimes,public_transportation,normal_weight
male,18,no,yes,3,3,frequently,no,1,no,2,1,sometimes,public_transportation,normal_weight
male,17,yes,yes,3,3,sometimes,no,2,no,0,2,sometimes,walking,normal_weight
male,25,no,yes,3,3,sometimes,no,3,yes,3,0,no,motorbike,overweight_level_ii
male,21,yes,yes,3,3,frequently,no,1,no,2,0,sometimes,public_transportation,normal_weight
female,29,yes,no,2,3,frequently,no,1,no,0,1,sometimes,public_transportation,normal_weight
male,17,yes,no,2,3,sometimes,no,2,no,0,1,sometimes,automobile,obesity_type_i
female,18,yes,yes,3,1,sometimes,no,1,yes,0,2,no,walking,normal_weight
female,16,no,yes,2,3,frequently,no,2,no,1,1,no,public_transportation,normal_weight
female,18,no,no,1,3,sometimes,no,1,no,1,2,no,public_transportation,normal_weight
female,37,yes,yes,2,3,frequently,no,1,no,0,0,sometimes,motorbike,obesity_type_i
male,18,yes,no,2,3,sometimes,no,3,no,1,0,no,public_transportation,obesity_type_i
female,16,yes,yes,1,1,sometimes,no,2,no,0,0,no,public_transportation,overweight_level_i
male,23,yes,yes,2,3,always,no,3,no,0,2,no,public_transportation,insufficient_weight
female,18,no,no,2,3,sometimes,no,2,no,0,1,sometimes,walking,insufficient_weight
male,18,no,no,3,3,frequently,no,3,no,2,2,no,public_transportation,normal_weight
male,18,no,yes,1,3,sometimes,no,2,no,0,1,sometimes,public_transportation,overweight_level_ii
female,17,yes,yes,2,3,sometimes,no,1,no,0,1,no,public_transportation,normal_weight
female,20,yes,yes,1,3,sometimes,no,2,no,3,2,sometimes,public_transportation,insufficient_weight
female,38,yes,no,3,3,sometimes,no,1,no,2,1,frequently,automobile,normal_weight
male,20,no,yes,2,4,frequently,no,3,no,0,0,no,public_transportation,normal_weight
male,21,yes,yes,3,1,always,no,1,no,0,0,sometimes,public_transportation,obesity_type_ii
male,21,no,no,3,1,frequently,no,1,no,0,0,sometimes,motorbike,normal_weight
male,18,yes,no,2,3,sometimes,no,2,no,0,0,no,public_transportation,overweight_level_i
male,26,no,yes,2,3,always,no,2,no,1,1,sometimes,public_transportation,normal_weight
male,27,yes,yes,3,1,frequently,no,2,no,2,1,sometimes,walking,overweight_level_ii
female,26,yes,no,3,3,sometimes,no,3,no,0,0,no,automobile,obesity_type_iii
male,34,no,yes,2,3,sometimes,no,2,no,3,1,sometimes,automobile,normal_weight
male,18,no,no,3,3,sometimes,no,2,no,3,0,no,public_transportation,overweight_level_ii
male,33,no,no,2,3,sometimes,no,2,no,3,1,sometimes,automobile,normal_weight
female,19,yes,yes,3,3,frequently,no,1,no,1,2,sometimes,walking,overweight_level_i
male,20,yes,no,3,1,sometimes,no,2,no,0,0,sometimes,public_transportation,normal_weight
female,33,yes,yes,3,1,sometimes,no,3,no,2,1,sometimes,public_transportation,normal_weight
male,20,no,no,2,3,sometimes,no,2,no,1,1,no,public_transportation,normal_weight
female,20,no,no,3,3,sometimes,no,2,yes,0,0,sometimes,public_transportation,overweight_level_i
male,33,no,yes,2,3,frequently,no,2,no,1,0,sometimes,automobile,normal_weight
male,33,no,no,2,3,sometimes,no,2,yes,1,0,sometimes,public_transportation,overweight_level_ii
male,33,yes,yes,2,1,always,no,2,no,1,2,frequently,automobile,obesity_type_i
male,14,yes,yes,3,3,sometimes,no,3,no,2,1,no,walking,normal_weight
male,34,no,yes,3,3,sometimes,no,1,yes,2,0,no,automobile,overweight_level_i
male,18,yes,yes,3,3,sometimes,no,2,no,1,1,frequently,public_transportation,overweight_level_ii
male,18,no,yes,3,3,sometimes,no,2,no,2,0,sometimes,public_transportation,obesity_type_i
male,29,yes,yes,1,3,sometimes,no,1,no,0,0,sometimes,public_transportation,obesity_type_i
male,18,yes,yes,3,4,sometimes,no,2,yes,2,0,sometimes,automobile,insufficient_weight
male,18,yes,yes,3,4,sometimes,no,2,yes,2,0,sometimes,automobile,insufficient_weight
male,19,no,yes,2,3,sometimes,no,2,no,2,0,sometimes,bike,normal_weight
male,33,yes,yes,2,3,sometimes,no,1,no,1,1,sometimes,walking,overweight_level_ii
male,33,no,no,2,3,sometimes,no,1,no,0,2,sometimes,walking,overweight_level_i
female,19,yes,yes,2,3,always,no,2,no,2,1,sometimes,public_transportation,normal_weight
male,22,no,no,2,3,sometimes,no,3,no,1,1,no,public_transportation,normal_weight
female,20,no,yes,3,3,no,no,2,no,3,0,sometimes,public_transportation,normal_weight
male,23,no,yes,3,1,frequently,no,1,no,2,1,sometimes,public_transportation,normal_weight
male,26,yes,yes,2,3,frequently,no,1,yes,1,0,sometimes,automobile,normal_weight
male,18,no,yes,2,3,sometimes,no,1,no,1,0,sometimes,public_transportation,obesity_type_i
female,18,no,yes,2,4,frequently,no,2,no,2,1,sometimes,public_transportation,normal_weight
male,19,no,yes,3,3,frequently,no,1,no,2,0,no,public_transportation,normal_weight
female,18,yes,yes,2,3,sometimes,no,1,no,1,1,sometimes,public_transportation,normal_weight
male,19,no,yes,2,4,frequently,no,2,no,3,1,frequently,automobile,normal_weight
female,19,yes,yes,2,1,sometimes,no,3,no,3,1,no,public_transportation,overweight_level_i
female,18,no,yes,2,3,sometimes,no,1,no,0,0,frequently,automobile,normal_weight
female,18,yes,yes,2,1,always,no,2,no,1,0,sometimes,walking,normal_weight
female,19,no,yes,3,3,sometimes,no,2,no,2,1,sometimes,automobile,normal_weight
female,19,no,yes,2,3,frequently,no,2,no,0,1,sometimes,public_transportation,normal_weight
female,18,no,yes,2,3,sometimes,no,1,no,0,0,no,automobile,normal_weight
female,18,yes,yes,3,3,frequently,no,1,no,1,2,no,public_transportation,normal_weight
male,26,yes,yes,2,3,sometimes,no,2,no,0,1,sometimes,walking,normal_weight
male,18,yes,yes,2,3,sometimes,no,2,no,0,2,sometimes,public_transportation,insufficient_weight
male,19,yes,yes,2,1,sometimes,no,2,no,2,0,sometimes,public_transportation,normal_weight
female,19,no,yes,2,4,sometimes,no,1,no,3,0,sometimes,public_transportation,normal_weight
male,19,yes,yes,3,3,frequently,no,2,no,2,0,sometimes,public_transportation,normal_weight
male,19,yes,yes,2,4,sometimes,no,2,no,2,1,sometimes,public_transportation,overweight_level_i
female,24,yes,yes,3,1,sometimes,no,1,no,0,2,sometimes,public_transportation,obesity_type_ii
female,18,yes,yes,1,3,sometimes,no,2,no,2,2,sometimes,public_transportation,normal_weight
male,19,no,yes,3,3,sometimes,no,2,no,1,1,sometimes,public_transportation,normal_weight
male,19,yes,no,2,3,frequently,no,2,no,1,0,no,public_transportation,normal_weight
male,23,no,no,3,3,no,no,2,no,2,1,sometimes,automobile,normal_weight
female,18,no,yes,3,3,sometimes,no,1,no,0,0,sometimes,automobile,normal_weight
female,20,no,yes,3,1,sometimes,no,1,no,1,0,no,public_transportation,normal_weight
male,18,no,yes,2,3,frequently,no,1,no,1,1,sometimes,public_transportation,normal_weight
female,33,no,yes,3,1,frequently,no,2,no,0,0,no,public_transportation,normal_weight
female,19,no,yes,2,3,sometimes,no,1,no,0,0,sometimes,public_transportation,normal_weight
male,19,no,yes,2,3,always,no,1,no,1,1,sometimes,public_transportation,normal_weight
male,19,yes,yes,2,3,frequently,no,3,no,1,2,frequently,public_transportation,overweight_level_i
female,18,yes,yes,2,3,frequently,no,1,no,1,1,no,public_transportation,normal_weight
male,21,yes,yes,2,1,sometimes,no,2,no,0,2,no,public_transportation,obesity_type_i
male,27,yes,yes,2,1,always,no,2,no,0,0,sometimes,automobile,overweight_level_ii
male,17,yes,no,2,3,sometimes,no,1,no,2,1,sometimes,public_transportation,normal_weight
male,18,no,no,3,4,always,no,2,no,2,0,sometimes,walking,normal_weight
female,18,yes,yes,2,3,frequently,no,1,no,1,1,sometimes,public_transportation,normal_weight
male,22,yes,yes,3,3,frequently,no,1,no,1,0,no,automobile,normal_weight
male,22,yes,yes,3,3,frequently,no,1,no,1,0,no,automobile,normal_weight
female,20,no,yes,3,3,frequently,no,1,no,1,0,sometimes,public_transportation,insufficient_weight
female,19,no,yes,3,1,sometimes,no,2,no,0,1,no,public_transportation,insufficient_weight
female,20,no,yes,2,3,frequently,no,2,no,3,0,sometimes,public_transportation,normal_weight
female,18,yes,yes,2,3,sometimes,no,2,yes,1,0,no,public_transportation,obesity_type_i
female,18,no,no,3,4,frequently,no,2,no,1,1,no,public_transportation,overweight_level_ii
female,18,yes,yes,1,3,frequently,no,1,no,1,0,sometimes,public_transportation,normal_weight
male,19,no,yes,2,3,sometimes,no,1,no,1,0,no,public_transportation,normal_weight
female,18,no,no,2,1,sometimes,no,1,no,0,2,no,public_transportation,overweight_level_i
female,18,yes,yes,3,3,sometimes,no,2,no,1,0,no,public_transportation,overweight_level_i
female,18,yes,yes,3,3,frequently,no,1,yes,1,1,no,public_transportation,normal_weight
male,19,no,yes,2,3,frequently,no,1,no,1,1,sometimes,public_transportation,normal_weight
female,17,no,yes,1,4,frequently,no,2,no,1,2,sometimes,public_transportation,normal_weight
female,18,no,yes,2,3,sometimes,no,1,no,0,1,sometimes,public_transportation,normal_weight
male,18,yes,yes,3,4,sometimes,no,1,yes,2,0,sometimes,public_transportation,normal_weight
female,20,yes,yes,2,1,frequently,no,2,no,1,1,sometimes,public_transportation,normal_weight
female,18,no,yes,2,3,sometimes,no,1,no,0,0,no,public_transportation,overweight_level_i
female,36,yes,yes,2,3,sometimes,no,1,no,0,2,no,automobile,overweight_level_ii
male,21,yes,yes,1,3,always,no,2,no,3,1,sometimes,public_transportation,normal_weight
male,23,no,yes,2,3,sometimes,no,2,no,1,0,frequently,public_transportation,normal_weight
male,20,yes,no,2,3,sometimes,no,3,no,3,0,no,motorbike,obesity_type_i
male,21,yes,yes,3,3,sometimes,no,3,no,2,1,sometimes,walking,normal_weight
female,19,no,yes,2,1,sometimes,no,1,no,0,2,no,public_transportation,normal_weight
male,24,no,yes,3,3,no,no,2,yes,1,0,sometimes,public_transportation,overweight_level_ii
male,25,no,yes,2,3,sometimes,yes,1,no,1,1,sometimes,public_transportation,normal_weight
male,45,no,yes,3,3,frequently,no,1,no,0,0,no,automobile,overweight_level_ii
male,20,no,yes,2,3,frequently,no,1,no,2,0,sometimes,motorbike,normal_weight
female,18,no,yes,3,3,sometimes,no,2,no,0,0,sometimes,public_transportation,normal_weight
male,19,yes,yes,3,1,always,no,1,yes,0,0,no,motorbike,normal_weight
male,18,yes,yes,2,3,sometimes,no,2,no,0,2,sometimes,public_transportation,insufficient_weight
male,20,no,no,2,3,sometimes,no,2,no,1,1,sometimes,public_transportation,normal_weight
female,21,no,yes,3,1,frequently,no,1,no,0,0,sometimes,public_transportation,insufficient_weight
female,21,no,yes,3,1,frequently,no,1,no,0,0,sometimes,public_transportation,insufficient_weight
male,18,yes,yes,3,4,sometimes,no,2,no,2,0,no,automobile,insufficient_weight
male,18,yes,yes,3,4,sometimes,no,2,no,2,0,no,automobile,insufficient_weight
female,21,no,yes,3,1,frequently,no,1,no,0,0,sometimes,public_transportation,insufficient_weight
female,21,no,yes,3,1,frequently,no,1,no,0,0,sometimes,public_transportation,insufficient_weight
male,21,no,yes,2,1,no,no,3,no,1,0,sometimes,public_transportation,overweight_level_i
male,21,no,yes,2,1,no,no,3,no,1,0,sometimes,public_transportation,overweight_level_i
male,21,no,yes,2,1,no,no,3,no,1,0,sometimes,public_transportation,overweight_level_i
male,21,no,yes,2,1,no,no,3,no,1,0,sometimes,public_transportation,overweight_level_i
male,21,no,yes,2,1,no,no,3,no,1,0,sometimes,public_transportation,overweight_level_i
male,21,no,yes,2,1,no,no,3,no,1,0,sometimes,public_transportation,overweight_level_i
male,21,no,yes,2,1,no,no,3,no,1,0,sometimes,public_transportation,overweight_level_i
male,21,no,yes,2,1,no,no,3,no,1,0,sometimes,public_transportation,overweight_level_i
male,21,no,yes,2,1,no,no,3,no,1,0,sometimes,public_transportation,overweight_level_i
male,21,no,yes,2,1,no,no,3,no,1,0,sometimes,public_transportation,overweight_level_i
male,21,no,yes,2,1,no,no,3,no,1,0,sometimes,public_transportation,overweight_level_i
